{
  "timestamp": "2025-11-24T06:00:04.280704",
  "task": "beir",
  "config": {
    "cmd": "beir",
    "dataset": "BeIR/scifact",
    "split": "test",
    "max_docs": 1000,
    "max_queries": 200,
    "seed": 41,
    "tau": 0.1,
    "sensitivity": 1.0,
    "min_vectors": 2,
    "hybrid_anchor": false,
    "disk_fp16": false,
    "json_file": "results_beir.json"
  },
  "metrics": {
    "baseline": {
      "R@1": 0.16,
      "R@5": 0.215,
      "R@10": 0.22,
      "nDCG@10": 0.18551465498985859,
      "MRR@10": 0.1828333333333333
    },
    "dragon": {
      "R@1": 0.14,
      "R@5": 0.185,
      "R@10": 0.185,
      "nDCG@10": 0.15715570320790867,
      "MRR@10": 0.15599999999999997
    },
    "details": {
      "docs": 1000,
      "queries": 200,
      "total_vectors": 3300,
      "bypass_estimate": "Average 3.3 vectors/doc (some compression used)"
    }
  }
}